product_category_name,total_orders,total_revenue,average_price,item_count,average_review_score,growth_rate,revenue_potential,order_demand,growth_potential,customer_satisfaction,profit_proxy,opportunity_score,opportunity_level,opportunity_type,data_quality_confidence,sample_size_confidence,metric_completeness,confidence_score
beleza_saude,8836,1441248.07,130.16353050672183,9670,3.0,77700.0,100.0,93.82899628252788,100.0,60.0,9.769000203285879,85.43414909096056,High,product,99.3646,100.0,100.0,99.68
cama_mesa_banho,9417,1241681.72,93.29632748538012,11115,3.0,11060.0,86.15010847626087,100.0,14.330708661417324,60.0,6.333094837557968,61.061019191988386,Medium,product,99.3646,100.0,100.0,99.68
moveis_decoracao,6449,902511.79,87.56449364050876,8334,3.0,34300.0,62.61173771077766,68.47583643122677,44.20697412823397,60.0,5.798906262100973,53.53411457930858,Medium,product,99.3646,100.0,100.0,99.68
relogios_presentes,5624,1305541.61,201.13598397596394,5991,3.0,7740.000000000001,90.58198062914595,59.71322357939458,10.062670737586373,60.0,16.383405791707677,52.256908347159786,Medium,product,99.3646,100.0,100.0,99.68
esporte_lazer,7720,1156656.48,114.34428538363615,8641,3.0,2194.736842105263,80.2493624297461,81.97557089750399,2.933937769057063,60.0,8.294697171165135,52.1316556126806,Medium,product,99.3646,100.0,100.0,99.68
informatica_acessorios,6689,1059272.4,116.51390315574294,7827,3.0,2033.3333333333333,73.4909137025978,71.0249601699416,2.72644490867213,60.0,8.496898605877853,47.33481524102056,Low,product,99.3646,100.0,100.0,99.68
utilidades_domesticas,5884,778397.77,90.78814761631247,6964,3.0,6144.444444444444,53.99823291111986,62.47477429633563,8.011498562679666,60.0,6.099340498630994,40.43097213795288,Low,product,99.3646,100.0,100.0,99.68
telefonia,4199,394883.32,71.21397799779977,4545,3.0,24500.0,27.382355383237677,44.577801380775355,31.608548931383577,60.0,4.275090517340484,33.68880324474509,Low,product,99.3646,100.0,100.0,99.68
automotivo,3897,685384.32,139.9575230224321,4235,3.0,3100.0,47.543105617622075,41.370154009559215,4.097702072955166,60.0,10.681768970071575,32.69807260292237,Low,product,99.3646,100.0,100.0,99.68
cool_stuff,3632,719329.95,167.357968914647,3796,3.0,1400.0,49.89893010008109,38.555496548061605,1.9122609673790776,60.0,13.23540286006045,32.41015869489054,Low,product,99.3646,100.0,100.0,99.68
ferramentas_jardim,3518,584219.21,111.63019553715206,4347,3.0,2340.0,40.52225365792478,37.344662772172065,3.1206813434035032,60.0,8.041752681147704,29.077187394386097,Low,product,99.3646,100.0,100.0,99.68
brinquedos,3886,561372.55,117.54836045664318,4117,3.0,520.0,38.9366969612184,41.253319171534784,0.7809738068455729,60.0,8.593306716596803,29.048913004620292,Low,product,99.3646,100.0,100.0,99.68
bebes,2885,480118.0,134.34417292006526,3065,3.0,1772.7272727272727,33.29763655193479,30.621348911311735,2.3914218514893433,60.0,10.158622700329694,25.258345926313673,Low,product,99.3646,100.0,100.0,99.68
perfumaria,3162,453338.71,116.73731207955542,3419,3.0,590.0,31.43915559268113,33.56346255974509,0.8709625582516471,60.0,8.517719602784899,24.892124917582013,Low,product,99.3646,100.0,100.0,99.68
pcs,181,232799.43,1098.3405418719212,203,3.0,900.0,16.133744110617496,1.9012214551248008,1.2694841716214045,60.0,100.0,21.6327996398718,Low,product,99.3646,100.0,100.0,99.68
papelaria,2311,277741.71,91.75336909018674,2517,3.0,2171.4285714285716,19.25273537757964,24.5246946362188,2.9039737379766306,60.0,6.189296051789735,19.251917312001723,Low,product,99.3646,100.0,100.0,99.68
eletronicos,2550,206825.06,57.913530899891576,2767,3.0,5650.0,14.33112454625976,27.063197026022305,7.375863731319299,60.0,3.035531402323575,19.212655693445686,Low,product,99.3646,100.0,100.0,99.68
pet_shop,1710,253876.65,110.0746841294299,1947,3.0,4075.0,17.596501788061538,18.141263940520446,5.351116824682629,60.0,7.896783994774895,17.941724127196714,Low,product,99.3646,100.0,100.0,99.68
moveis_escritorio,1273,342532.65,162.0110585452395,1691,3.0,300.0,23.749222339039274,13.499734466277216,0.4981520167121967,60.0,12.737087920961908,17.897947114555325,Low,product,99.3646,100.0,100.0,99.68
construcao_ferramentas_construcao,748,165328.0,155.7347578040904,929,3.0,12300.0,11.451231320001456,7.9235262878385555,15.924795114896353,60.0,12.152156772782515,16.612665423962415,Low,product,99.3646,100.0,100.0,99.68
fashion_bolsas_e_acessorios,1864,184273.54,75.24546528803546,2031,3.0,1425.0,12.766050546081708,19.776951672862452,1.9443998071669613,60.0,4.650812234129418,15.725234257244807,Low,product,99.3646,100.0,100.0,99.68
instrumentos_musicais,628,210137.37,281.616,680,3.0,3800.0,14.560998641732251,6.648964418481147,4.997589587015909,60.0,23.883885790984557,15.668326672992395,Low,product,99.3646,100.0,100.0,99.68
eletroportateis,630,206668.83,280.7784683357879,679,3.0,316.66666666666663,14.320282194566932,6.670207116303771,0.519577909904119,60.0,23.805830519545403,14.474113966876592,Low,product,99.3646,100.0,100.0,99.68
malas_acessorios,1034,170875.21,128.5988827838828,1092,3.0,1500.0,11.836207328027864,10.961232076473712,2.0408163265306123,60.0,9.623180041575631,13.763692303317004,Low,product,99.3646,100.0,100.0,99.68
consoles_games,1062,177293.24,138.49183817062445,1137,3.0,459.99999999999994,12.281618186602486,11.258629845990441,0.703840591354652,60.0,10.545171831311771,13.729620248448194,Low,product,99.3646,100.0,100.0,99.68
eletrodomesticos_2,234,123917.92,476.1249579831933,238,3.0,114.28571428571428,8.577374500004705,2.464152947424323,0.2594063497164895,60.0,42.01149834759008,13.455252009045623,Low,product,99.3646,100.0,100.0,99.68
portateis_casa_forno_e_cafe,75,50193.57,624.2856578947368,76,3.0,1600.0,3.460909473921017,0.7753584705257568,2.169371685682147,60.0,55.81960154222044,13.356415535450324,Low,product,99.3646,100.0,100.0,99.68
alimentos,450,36664.44,57.63413725490196,510,3.0,10200.0,2.52198874449662,4.758364312267658,13.225132572714124,60.0,3.0094928085247896,11.553420125446909,Low,product,99.3646,100.0,100.0,99.68
agro_industria_e_comercio,182,78374.07,342.12485849056606,212,3.0,600.0,5.416634314730755,1.9118428040361128,0.8838180941668005,60.0,29.523117805451616,11.276217299515118,Low,product,99.3646,100.0,100.0,99.68
eletrodomesticos,764,94990.43,103.98382619974059,771,3.0,814.2857142857142,6.569808602477149,8.093467870419543,1.1592938637772319,60.0,7.329135523303075,11.017046566622646,Low,product,99.3646,100.0,100.0,99.68
casa_construcao,490,96920.36,137.56311258278146,604,3.0,1400.0,6.703745617151266,5.183218268720127,1.9122609673790776,60.0,10.458617577963306,10.830855251966511,Low,product,99.3646,100.0,100.0,99.68
construcao_ferramentas_iluminacao,244,48663.8,135.1315789473684,304,3.0,5500.0,3.354743536846604,2.5703664365374403,7.183030692591998,60.0,10.232006422784885,10.46797298561483,Low,product,99.3646,100.0,100.0,99.68
livros_interesse_geral,512,56052.4,84.73215189873417,553,3.0,3300.0,3.8675118893884974,5.416887944768986,4.354812791258236,60.0,5.534941073786985,10.156672858202052,Low,product,99.3646,100.0,100.0,99.68
moveis_sala,422,86884.73,137.0110536779324,503,3.0,375.0,6.007273557245465,4.4609665427509295,0.5945685360758477,60.0,10.407167454332535,10.106782582313588,Low,product,99.3646,100.0,100.0,99.68
telefonia_fixa,217,64220.81,225.6931818181818,264,3.0,100.0,4.43439900448293,2.2835900159320235,0.24104129840912744,60.0,18.672058060350743,9.828683335965241,Low,product,99.3646,100.0,100.0,99.68
construcao_ferramentas_seguranca,167,44463.62,208.9923711340206,194,3.0,2100.0,3.063251321950763,1.7525225703664364,2.81214848143982,60.0,17.115595938488717,9.771702753385664,Low,product,99.3646,100.0,100.0,99.68
casa_conforto,397,67073.27,134.95861751152074,434,3.0,400.0,4.632359540293727,4.195432819968136,0.6267073758637314,60.0,10.215886970350455,9.616831608081132,Low,product,99.3646,100.0,100.0,99.68
climatizacao,253,61774.19,185.26922558922558,297,3.0,240.0,4.264603737897103,2.665958576739246,0.4210188012212759,60.0,14.904674675432213,9.541592933402482,Low,product,99.3646,100.0,100.0,99.68
audio,350,56398.94,139.25412087912088,364,3.0,1100.0,3.8915617425257447,3.696229421136484,1.5265948899244737,60.0,10.616214140835723,9.534796014606535,Low,product,99.3646,100.0,100.0,99.68
moveis_cozinha_area_de_servico_jantar_e_jardim,248,58327.8,164.8696441281139,281,3.0,0.0,4.0254244992704535,2.6128518321826872,0.11248593925759282,60.0,13.003498951299767,9.189311687771182,Low,product,99.3646,100.0,100.0,99.68
industria_comercio_e_negocios,235,47554.29,148.0209328358209,268,3.0,200.0,3.277743616045808,2.4747742963356347,0.36959665756066207,60.0,11.433252965964828,8.8377411198843,Low,product,99.3646,100.0,100.0,99.68
construcao_ferramentas_jardim,194,31027.29,108.04995798319328,238,3.0,1800.0,2.1307709064039457,2.0392989909718535,2.426482403985216,60.0,7.7080859960154875,8.526485220262,Low,product,99.3646,100.0,100.0,99.68
livros_tecnicos,260,23379.12,71.52082397003745,267,3.0,2700.0,1.5999884129870152,2.740308019118428,3.5834806363490275,60.0,4.303687580205631,8.491312445783532,Low,product,99.3646,100.0,100.0,99.68
portateis_cozinha_e_preparadores_de_alimentos,14,4278.29,264.5686666666667,15,3.0,150.0,0.27439207115192144,0.12745618693574085,0.30531897798489477,60.0,22.295128866911814,8.420024299266917,Low,product,99.3646,46.666666666666664,100.0,83.68
construcao_ferramentas_ferramentas,97,17934.170000000002,154.40728155339806,103,3.0,1300.0,1.2221092422140702,1.009028146574615,1.783705608227543,60.0,12.028440233451072,8.267660234709869,Low,product,99.3646,100.0,100.0,99.68
moveis_quarto,95,24661.01,183.75027522935778,109,3.0,25.0,1.6889514944151511,0.9877854487519915,0.14462477904547646,60.0,14.763113361743107,8.266099341448223,Low,product,99.3646,100.0,100.0,99.68
sinalizacao_e_seguranca,140,28017.05,108.08658291457286,199,3.0,1500.0,1.921860449002583,1.4657461497610196,2.0408163265306123,60.0,7.711499322439345,8.224348686017617,Low,product,99.3646,100.0,100.0,99.68
market_place,280,33834.53,91.2490996784566,311,3.0,14.285714285714285,2.325593177198102,2.952734997344663,0.1308509905649549,60.0,6.142299756016143,8.082804425738448,Low,product,99.3646,100.0,100.0,99.68
artes,202,28247.81,115.8021052631579,209,3.0,260.0,1.937875177778341,2.1242697822623473,0.4467298730515828,60.0,8.430561319671709,8.067168599129156,Low,product,99.3646,100.0,100.0,99.68
fashion_calcados,240,28481.64,89.93423664122137,262,3.0,200.0,1.954102964351558,2.5278810408921935,0.36959665756066207,60.0,6.019758727823183,7.912576186700999,Low,product,99.3646,100.0,100.0,99.68
bebidas,297,28169.95,59.178627968337736,379,3.0,525.0,1.932471698915104,3.1332979288369622,0.7874015748031495,60.0,3.153434401450593,7.875259825729619,Low,product,99.3646,100.0,100.0,99.68
musica,38,6724.860000000001,158.79868421052632,38,3.0,200.0,0.444183867741048,0.38236856080722254,0.36959665756066207,60.0,12.437704910892545,7.565016956003539,Low,product,99.3646,100.0,100.0,99.68
pc_gamer,8,1679.52,171.77222222222224,9,3.0,-50.0,0.09403760460409155,0.06372809346787042,0.04820825968182549,60.0,13.646797145013394,7.420875084169991,Low,product,99.3646,26.666666666666668,100.0,77.68
artigos_de_festas,39,5313.150000000001,104.30651162790699,43,3.0,1300.0,0.34621128687770225,0.39298990971853426,1.783705608227543,60.0,7.359208772782763,7.3839581428281065,Low,product,99.3646,100.0,100.0,99.68
alimentos_bebidas,227,19687.47,54.602446043165465,278,3.0,220.00000000000003,1.3437881465412365,2.389803505045141,0.39530772939096903,60.0,2.7269488874249,7.372109141313888,Low,product,99.3646,100.0,100.0,99.68
cine_foto,65,8189.66,96.29805555555555,72,3.0,800.0,0.5458408911018152,0.6691449814126395,1.1409288124698698,60.0,6.6128462897308244,7.277555344774255,Low,product,99.3646,100.0,100.0,99.68
la_cuisine,13,2388.54,146.785,14,3.0,0.0,0.14324354582695556,0.1168348380244291,0.11248593925759282,60.0,11.318067980008118,7.232110056069405,Low,product,99.3646,43.333333333333336,100.0,82.68
artigos_de_natal,128,12030.12,57.52169934640523,153,3.0,1000.0,0.8123685617299505,1.338289962825279,1.398039530772939,60.0,2.99901395519568,7.227694337438108,Low,product,99.3646,100.0,100.0,99.68
fashion_roupa_masculina,112,12950.23,81.80166666666666,132,3.0,200.0,0.8762241350262882,1.168348380244291,0.36959665756066207,60.0,5.261829226185786,7.173536422577703,Low,product,99.3646,100.0,100.0,99.68
seguros_e_servicos,2,324.51,141.64499999999998,2,3.0,0.0,0.0,0.0,0.11248593925759282,60.0,10.839036425332866,7.112025127347684,Low,product,99.3646,6.666666666666667,100.0,71.68
moveis_colchao_e_estofado,38,5998.54,114.94947368421053,38,3.0,0.0,0.3937773076595402,0.38236856080722254,0.11248593925759282,60.0,8.351098784491091,7.076956695763175,Low,product,99.3646,100.0,100.0,99.68
fashion_underwear_e_moda_praia,121,11457.74,72.83625954198473,131,3.0,0.0,0.7726454274923508,1.2639405204460967,0.11248593925759282,60.0,4.42628196680194,7.018528439853822,Low,product,99.3646,100.0,100.0,99.68
tablets_impressao_imagem,79,8754.61,90.70373493975903,83,3.0,-87.5,0.5850483838296043,0.8178438661710037,0.0,60.0,6.091473507252843,6.989122832416917,Low,product,99.3646,100.0,100.0,99.68
dvds_blu_ray,59,7288.13,93.74046875,64,3.0,0.0,0.483274768579674,0.605416887944769,0.11248593925759282,60.0,6.37448738239966,6.961906875614459,Low,product,99.3646,100.0,100.0,99.68
artes_e_artesanato,23,2184.14,75.58375,24,3.0,800.0,0.1290581993121134,0.22304832713754646,1.1409288124698698,60.0,4.682339286949504,6.847945673390438,Low,product,99.3646,76.66666666666667,100.0,92.68
livros_importados,53,5409.7,77.33083333333335,60,3.0,0.0,0.3529118505078784,0.5416887944768985,0.11248593925759282,60.0,4.845161863858822,6.753933424971868,Low,product,99.3646,100.0,100.0,99.68
fashion_esporte,27,2697.64,70.65033333333334,30,3.0,0.0,0.164695065434283,0.2655337227827934,0.11248593925759282,60.0,4.222560637981774,6.566169498938559,Low,product,99.3646,90.0,100.0,96.68
fashion_roupa_feminina,39,3425.39,58.409166666666664,48,3.0,100.0,0.21520086742144742,0.39298990971853426,0.24104129840912744,60.0,3.081723070010528,6.531240369259403,Low,product,99.3646,100.0,100.0,99.68
fashion_roupa_infanto_juvenil,8,665.36,71.23125,8,3.0,0.0,0.023654967512641685,0.06372809346787042,0.11248593925759282,60.0,4.276700212684128,6.478820019703571,Low,product,99.3646,26.666666666666668,100.0,77.68
fraldas_higiene,27,2141.27,40.19461538461538,39,3.0,200.0,0.12608302414043393,0.2655337227827934,0.36959665756066207,60.0,1.3841851676071946,6.335026019088713,Low,product,99.3646,90.0,100.0,96.68
cds_dvds_musicais,12,954.99,52.142857142857146,14,3.0,-75.0,0.043755270404489746,0.10621348911311736,0.016069419893941828,60.0,2.497723071320486,6.293469615505161,Low,product,99.3646,40.0,100.0,81.68
flores,29,1598.91,33.63757575757575,33,3.0,-66.66666666666666,0.08844327592228418,0.2867764206054169,0.02678236648990306,60.0,0.7730900534811193,6.182231684898627,Low,product,99.3646,96.66666666666667,100.0,98.68
casa_conforto_2,24,1170.58,25.342333333333332,30,3.0,0.0,0.05871720218107891,0.2336696760488582,0.11248593925759282,60.0,0.0,6.1041540644809364,Low,product,99.3646,80.0,100.0,93.68
